inspect	A swift choice speaks well of you.
inspect	Agh...
inspect	As we say in House Azadi, blades speak more honestly than tongues. Shall we?
inspect	Azadin blood runs cold and cuts deep. Step carefully.
inspect	Azadins know potential when they see it, and you... you'll do nicely.
inspect	Behold! Me!
inspect	Born of Keita. Baptised in Innocence. Made righteous by both.
inspect	Careful. We Cyaxans don't hold back.
inspect	Choice, after all, is part of the craft.
inspect	Choose as you will. I offer no resistance.
inspect	Choose quickly!
inspect	Choose to fight... if you dare.
inspect	Choose. No god will answer for you.
inspect	Clock's ticking.
inspect	Cyaxans don't bluff. Know what you're walking into.
inspect	Do try not to deliberate too long.
inspect	Doesn't matter how this ends. Only that it does.
inspect	Eh?
inspect	Even a Cyaxan still honours the Code... Not that it will matter once I beat you.
inspect	Fresh meat. It's like I never left home.
inspect	Get on with it!
inspect	Go on - you know the rules.
inspect	Go on, then. A Keitan knows how to settle scores.
inspect	Heard of House Cyaxan? Then you know this won't end well for you.
inspect	House Azadi values precision. Allow me to demonstrate.
inspect	House Keita broke me. I paid them in kind. Choose carefully.
inspect	House ties or not, business is business.
inspect	Hurry up and decide.
inspect	Hurry up!
inspect	I eagerly await your decision.
inspect	I hope you're not here to curry favour with House Bardiya.
inspect	I hope you're not here to curry favour with my family.
inspect	I know what I'd choose.
inspect	I once preached mercy. The Keitan in me stamped that out.
inspect	I still abide by the Trarthan Code. Choose your fate.
inspect	I will accept your decision.
inspect	I'll honour the Code... but force my hand, and I'll kill you where you stand.
inspect	If you knew my family, you'd already be runnin'.
inspect	If you're expecting mercy, you haven't met a Keitan before.
inspect	Indecision is terribly unbecoming.
inspect	Innocence gave me life. Keita made me strong.
inspect	Make a call.
inspect	Make your choice – and quickly.
inspect	Make your choice.
inspect	Make your choice. House Azadi prefers swift resolutions.
inspect	Make your choice... and be quick about it!
inspect	Make your damn choice.
inspect	My allegiance is won, not bought. What shall it be?
inspect	My Azadi brethren ensured I never lacked for... raw material. Care to do the same?
inspect	My time is precious. Don't waste it.
inspect	No Cyaxan - no Trarthan of any kind - draws a bow better than me.
inspect	No gods in Trarthus. Only Houses. I learned that the hard way.
inspect	No no no no no no no no nah negh!
inspect	Oh no, oh nono, oh nononononono! Noh neh.
inspect	Oh.
inspect	Ohh!
inspect	Ohhh ohhey yahh hahaha et ti... Gah...
inspect	Only get one shot at this. Choose wisely.
inspect	Ooh!
inspect	Pick your path, and walk it alone.
inspect	Ragh... rogh roro rogh ragh!
inspect	Ran ghesh te ke ka teh... gne te toko geh.
inspect	Shee shee sheee shaahhhahhhgn...
inspect	Shoot first, shoot last - that's the Cyaxan way.
inspect	Speak quickly. The Azadins aren't known for their patience.
inspect	The choice is yours.
inspect	The Code's the only scripture I have left. What will you choose?
inspect	The judgment is yours to make.
inspect	The Trarthan Code dictates, so go ahead - choose.
inspect	Think you can go shot for shot with a Cyaxan? Good luck with that.
inspect	Think you can go shot for shot with a Cyaxan? Ha! Good luck with that.
inspect	This choice carries weight.
inspect	Time is coin, Exile - and Bardiyans don't waste either.
inspect	Time waits for no one...
inspect	Trust me, you don't want to be in the sights of House Cyaxan.
inspect	Ugh. I left Trarthus to get away from people.
inspect	Want to test a Cyaxan? Be my guest.
inspect	We Cyaxans know one thing above all: kill or be killed.
inspect	Well...? Haven't got all day!
inspect	Well?
inspect	Well? What's it going to be?
inspect	What'll it be, then?
inspect	Yes, it is I - the Ruckus-Maker.
inspect	You do realise who I am, don't you?
inspect	You got a decision to make.
inspect	You stand at a crossroads. Choose wisely.
inspect	You stand or serve. That's the Keitan way.
inspect	You've got a decision to make.
inspect	Your weakness offends House Keita. To purge you would be a mercy.
line	'Scuse me - who are you?
line	A bit of advice: don't waste a Cyaxan's time.
line	A broken blade still cuts.
line	A fate befitting a heretic.
line	A few seconds more and I'd have slapped you in irons!
line	A moment's rest.
line	A poor craftsman blames his tools.
line	A professional, 'til the end.
line	A professional, to the end.
line	A questionable call, to say the least.
line	A strong hand, led by a weak mind.
line	A swift end!
line	A well-deserved break.
line	AaaaAAAAGH!
line	Aaaaghhh...
line	Aaahhh!
line	Adiyah has more power than they realise. What a treat.
line	Advance. I am ready for you.
line	Agh! ... Hah.
line	Agh! Bak... bak bak bak... gnn... noh!
line	Agh! I don't get paid enough for this.
line	Agh! I'm no use to you like this.
line	Agh, hmph...
line	Agh, wabah!
line	Agh... Ashala!
line	Agh... Raghhh!
line	Aghhh...
line	Ah bah?
line	Ah luen! Bororon! Bororon!
line	Ah! Hehehe, boro! Boro!
line	Ah, damn it. Take it, then.
line	Ah, that's a bannable offence.
line	Ah, well. A professional, 'til the end.
line	Ah. Spiffing.
line	Ahahaha! Boro, boro boro, boro.
line	Ahahahaha!
line	Ahh ha, wa gebe!
line	Ahh!
line	Ahh! yooododooo, nohh!
line	Ahh... Figures.
line	Ahhh hahahahaha! Uh, boro!
line	Ahhh!
line	Ahhh... bororoen! Boray.
line	All of the auras!
line	All patched up!
line	All that, just to send me away?
line	Almost had me! ... Well, not really.
line	Alright then - come on!
line	Alright then, I'll join you. But I keep the bodies.
line	Alright, alright! One hiding's enough. Won't be stickin' around for a second.
line	Alright, alright, if you insist.
line	Alright, alright. Message received.
line	Alright, fine then - let's go again.
line	Alright, I'll join you. But I keep the bodies.
line	Alright, partners it is. Now let's cause some chaos!
line	Alright. If you insist.
line	Alright... but you won't get better than me.
line	Am I not strong enough as I am?
line	An acceptable outcome.
line	And here I thought I'd escaped you.
line	Another bunch of misfits. At least they have their freedom.
line	Another for my undead army.
line	Another one down.
line	Another prayer goes unanswered.
line	Another soul forsaken...
line	Another step in 'God's plan', eh?
line	Any changes to the mission?
line	Anything's better than serving House Keita.
line	Are you an idiot?
line	Are you sure?
line	Are you... dead?
line	Argh! Could've used you back in the pits.
line	Argh! I could've used you back in the pits.
line	Argh...
line	Art through agony!
line	As brave as you look.
line	As long as you're still paying.
line	As you like.
line	As you wish.
line	As you wish. Innocence has other designs.
line	As you wish. We're all alone, in the end.
line	As you wish. Won't see me for a while.
line	Ash to ash!
line	At least you didn't chain me. Makes you better than most.
line	Augh!
line	Augh, wagh!?
line	Aughhh... pfft.
line	Auras for everyone!
line	Aw, love to see it!
line	Aw, you're no fun!
line	Aya, tunagin.
line	Aye, gulbashdini.
line	Azadi precision!
line	Baah!
line	Back from the brink. Again.
line	Back on my feet. Let's finish it.
line	Back to it! Cyaxan's don't quit!
line	Back to the grind, I suppose.
line	Back to the ocean I go.
line	Back when I'm able!
line	Baga oo... Niles...
line	Bagged ourselves a big one!
line	Bah! Another pig without a pen.
line	Bah.
line	Bahahaha... Weakling!
line	Baka! Bak! Eghh, noohhh!
line	Bardiyans strike true!
line	Bastard. Didn't think I'd ever part with this.
line	Be on your guard!
line	Bear witness!
line	Beat me, and the choice is yours: take my gear, recruit me, or send me packing. That's the Trarthan Code.
line	Beg for death!
line	Behold!
line	Bek blaga blaga!
line	Best me, or serve me!
line	Better dead than in chains.
line	Better to live as a coward than die as a hero.
line	Billowing death!
line	Blade's sharpened. So am I.
line	Blaga blageh...
line	Bleed for me!
line	Blessed are we.
line	Blonk!
line	Botiyaaah!
line	Brace yourself!
line	Brakka!
line	Break beneath me!
line	Bring it on, landlubber!
line	Brub yeh byeah!
line	Business is business. This place looks like any other.
line	By all means, throw your life away.
line	By his grace, it is done.
line	By Innocence, be broken!
line	By the ire of Innocence, I denounce you!
line	Call, and I shall answer.
line	Can only rely on myself.
line	Can't bloody believe it! Alright, you win.
line	Can't fight like this!
line	Can't get outta here fast enough.
line	Can't run forever.
line	Can't wait to see what you do next.
line	Capital effort!
line	Catch this, scum!
line	Charmed, I'm sure. Now run along.
line	Check them for trinkets!
line	Choose your next move carefully.
line	Choose your next move... very carefully.
line	Churr.
line	Cleave you in two!
line	Code still applies, even when it cuts deep.
line	Come back when you've made up your mind.
line	Come get me when there's coin to be made.
line	Come here, little piggy!
line	Come on. Let's see what passes for strength in Wraeclast.
line	Could do with a break.
line	Could just shoot you... but I'm feelin' generous.
line	Crack the whip!
line	Crude... but serviceable.
line	Curse that infernal Trarthan Code. Take it!
line	Cyaxan fury!
line	Cyaxan steel. Never fails.
line	Damn it! Got carried away...
line	Damn it. Take it, then.
line	Dead already... How pathetic!
line	Dead already?
line	Dead. Good.
line	Death calls!
line	Death is freedom. Remember that.
line	Death is not the end.
line	Death it is, then.
line	Death suits you.
line	Death waits with open arms...
line	Decisions have consequences, you know.
line	Defeat warrants tribute. Take it.
line	Delightful death!
line	Did House Cyaxan send you? No? Then begone!
line	Didn't fancy stickin' around anyhow.
line	Die as you were meant to!
line	Die on your knees!
line	Die on your knees, pig!
line	Die quickly!
line	Die, ya bastard!
line	Dismiss me if you must. Just know what you're giving up.
line	Do I smell or somethin'?
line	Do not hesitate.
line	Do what you must.
line	Do what you will.
line	Do you leave in search of answers? There are none to be found.
line	Doesn't change my aim.
line	Doesn't change who I am.
line	Don't blink!
line	Don't bother dodgin'!
line	Don't come cryin' when it all goes to shite.
line	Don't have too much fun without me.
line	Don't leave me to rot now...
line	Don't look too closely...
line	Don't need telling twice. I'm out of here.
line	Don't poke around too long.
line	Don't rush me back.
line	Don't tell my house. They'd never let me live it down.
line	Don't wait for me.
line	Don't worry - I'm already gone.
line	Done.
line	Down they go!
line	Drat! I got blood on my shoes.
line	Draw your last breath!
line	Dreadfully dull.
line	Dropped 'em!
line	Earned that one!
line	Easy!
line	Eb ehh?
line	Egh ghhh... hehehehahaha!
line	Egh, heh... hughhh... heh.
line	Egh, mekka.
line	Egh, waraaah!
line	Egh...
line	Eghh ugh! Nooohhh!
line	Eghh, heh... lelololo no nohh!
line	Eh bababa, heh?
line	Eh bababa?
line	Eh beh oyibe?
line	Eh beh?
line	Eh goh, oye?
line	Eh wem?
line	Eh, aaahhh!
line	Eh, I got loads of those at home. Whatever.
line	Eh, very well.
line	Eh. Your loss.
line	Elegantly done.
line	End of the line!
line	Entropy claims all!
line	Eugh...
line	Even a son of Keita must yield sometimes.
line	Even God would flee this fight!
line	Even I know when to withdraw.
line	Expected.
line	Fair enough.
line	Fair enough. Freedom suits me.
line	Fair's fair. It's yours now.
line	Fall before me!
line	Fallin' back!
line	Feast your eyes...
line	Feel like shite - good luck!
line	Finally.
line	Fine - it's yours. Never liked it anyway.
line	Fine! So long as this isn't another collar.
line	Fine, I'm gone. Don't come crying when you change your mind.
line	Fine, take it... but you should know what it cost me.
line	Fine, you win. But keep your gob shut.
line	Fine.
line	Fine. But should we meet again, I won't hold back.
line	Fine. I'll go make my own fun elsewhere.
line	Fine. It's yours.
line	Fine. Just take it already.
line	Fine. Leave me to wander.
line	Fine. Point me at what needs killin'.
line	Fine. You earned it. I'm in.
line	Fine. You lead, I'll cover you.
line	First you wound my pride, and now you take my trinkets!
line	First you wound my pride. Now you take my trinkets!
line	Flay with care.
line	Flee where you will! Innocence sees all.
line	Flesh and blood!
line	For me? You shouldn't have.
line	Frim dahh heh!
line	Frimdee yah!
line	From the pit, to the grave!
line	Gear's yours. I don't argue with results.
line	Get it over with.
line	Get on with it already.
line	Ghohhh...
line	Give in!
line	Go on - get on with it.
line	Go on - out with it.
line	Go on then. Fair's fair.
line	Go on, then.
line	Go. I won't stop you.
line	God does not care for you!
line	God turns his face, as always.
line	Godless left and right. Perfect.
line	Gonna take more than that! Come on!
line	Good as new!
line	Good thing I'm not in hardcore.
line	Good.
line	Good. Now back to killin'.
line	Gotta regroup!
line	Gotta retreat!
line	Greedy lil' bastard.
line	Grhmmm.
line	Guess we're partners now.
line	Ha! "Tactical retreat", is it?
line	Ha! Clean kill!
line	Ha! Hardly worth the effort!
line	Ha! I didn't relish the thought of working with you either.
line	Ha! I've seen lambs stronger than you!
line	Ha! I've seen rhoas stronger than you!
line	Ha! Retreat - the last recourse of the coward.
line	Ha! The slaver walks free.
line	Ha! Their last mistake.
line	Ha! Where's your courage?
line	Ha! You better run.
line	Ha! You bloody fool!
line	Ha! You don't stand a chance.
line	Ha! You're either brave or foolish. Not many refuse House Bardiya.
line	Haaaaaahahaha!
line	Had enough of this.
line	Had this one for years... but you earned it.
line	Had to take that one, didn't you?
line	Hah! Oof.
line	Haha! You bloody fool!
line	Haha, delightful death!
line	Haha, this is how it's done!
line	Hahaha, perfect!
line	Hahaha, this will hurt.
line	Hand of the Godless!
line	Handle this yourself for the moment!
line	Happy now?
line	Hardly a prize worth fighting over. Take it.
line	Hardly worth the arrows.
line	Have it, then. It's worthless to me, anyway.
line	Have we met before?
line	Heading back to base!
line	Heeehhhehehe!
line	Heh taaah!
line	Heh, meelo makala!
line	Heh.
line	Heh. So long.
line	Heh. Their last mistake.
line	Heheh. Spiffing.
line	Hello? You still alive?
line	Hey - I liked that.
line	Hey, what the heck? I liked that.
line	Hgh.
line	Hire me or move on. I charge by the minute.
line	His grace restores me.
line	Hm. Gladly.
line	Hm. You're smarter than most.
line	Hmm... I wonder if someone 'round here shares my eye for detail.
line	Hmph. Good help is so hard to find.
line	Hmph. Where's your courage?
line	Hmph...
line	Hoh.
line	Hohhh...
line	Hoho, watch and learn!
line	Hold still now!
line	Hold still!
line	Hold your tongue. I do not wish to hear your voice.
line	Hope it's an upgrade.
line	Hope you know what you're doing.
line	How perfectly fitting.
line	Huck seems to be a man of discipline. I'd like to know more of him.
line	Huh, I like you better this way.
line	Huh. Seems Wraeclast ain't all it's cracked up to be.
line	Huhh, nuh...
line	Hurry it up.
line	Hurry up! I'm bored!
line	I am renewed.
line	I am the judgment of Innocence, made manifest!
line	I am whole once more.
line	I can tell this operation is well-run. I approve.
line	I can't fight like this!
line	I cannae go on!
line	I concede. Clearly, you're more capable than most.
line	I did try to warn you.
line	I didn't relish the thought of working with you either.
line	I don't deal in introductions. Just outcomes.
line	I don't give this lightly... but the Code is the Code.
line	I don't miss.
line	I don't serve. I choose who I bleed beside. Today, that's you.
line	I don't take contracts from just anyone - but you earned this.
line	I don't trust any of this lot. Faustus, however... Perhaps we can do business.
line	I expected more from you.
line	I gave up the cloth. Gave up on God. You should do the same.
line	I go where he sends me.
line	I go where I'm needed. That's not here.
line	I go where the current takes me.
line	I guess the loot is mine, then.
line	I guess this was just a little bit difficult for you.
line	I have... 'work' to attend to anyway.
line	I imagine this is the nicest thing you'll ever own.
line	I killed the ones who chained me. You're weaker still.
line	I knew you'd be back.
line	I lost. That means it's yours.
line	I must atone!
line	I must recover!
line	I must regroup.
line	I need time to mend!
line	I prefer this.
line	I remain free.
line	I require only faith. The rest is yours.
line	I return to my pilgrimage.
line	I shan't let your flesh go to waste...
line	I speak for no god!
line	I survived the pits of Trarthus! I'll survive you.
line	I think this might be my masterpiece...
line	I very much doubt you'll know what to do with it. But it's yours...
line	I wait with him.
line	I walk beside you, not behind.
line	I wanted that one alive!
line	I was just getting started!
line	I will go.
line	I will not die for you!
line	I will return.
line	I will unmake you!
line	I will wait.
line	I'd like a word or two with Vinderi... We could make quite a mess!
line	I'll await your call.
line	I'll be back... uh, I just gotta go nerf something.
line	I'll be ready.
line	I'll find a new path to walk.
line	I'll never wear chains again, Keitan or otherwise.
line	I'll own you yet!
line	I'll return stronger - and angrier!
line	I'll return when I'm fighting fit.
line	I'll tear you apart!
line	I'll thank you not to waste my time.
line	I'll try not to take it personally.
line	I'm already gone.
line	I'm due a bath anyway.
line	I'm ex-Trarthan militia. You're as good as dead.
line	I'm itchin' to get back out there.
line	I'm not dying for this.
line	I'm of House Cyaxan. That should be warning enough.
line	I'm yours - for now. Handle with care.
line	I've killed with worse.
line	I've made do with worse.
line	I've no choice but to let you have it.
line	I've seen rhoas stronger than you!
line	I've seen wiser choices, certainly.
line	Ideally, you'd get good.
line	If I could recruit one of these rats, it'd be Karst. A good lockpick is worth their weight in gold.
line	If I must.
line	If I were you, I'd turn tail and run too.
line	If it means that much to you... fine.
line	If that's the call.
line	If that's your wish.
line	If there's one thing us Trarthans respect, it's strength - and you showed yours. You lead, I'll follow.
line	If this is the will of Innocence... so be it.
line	If you mean to die, die quickly!
line	If you must.
line	If you're that desperate... have it.
line	Impressive. I see the value in joining you, for now.
line	Insignificant!
line	Interesting.
line	Is it over now?
line	Isla... she puzzles me. I cannot understand a word she says.
line	It is done.
line	It is yours by right. But I will remember this.
line	It seems I misjudged you. Claim your prize.
line	It'll do.
line	It's a ruckus!
line	It's better in my hands. But there's no two ways about the Code.
line	It's definitely a build issue.
line	It's not every day I'm refused... but as you wish.
line	It's not every day that I'm refused... but as you wish.
line	It's not often I lose. I suppose that means it's yours.
line	It's not often that I lose. I suppose that means it's yours.
line	It's times like this I'm glad I get paid upfront.
line	It's your call.
line	It's yours. So says the Code.
line	Job's done!
line	Judgment passed.
line	Just say the word.
line	Just so we're clear - payment's final.
line	Just what I needed - more Wraeclast filth.
line	Justice is served.
line	Ke un yaja? Eughahgo geoben!
line	Keep this one to yourself.
line	Keep walking.
line	Keep your wits about you.
line	Keita has no use for weaklings like you.
line	Keita respects strength. I follow suit.
line	Keitans weren't made to sit still.
line	Kick me while I'm down, why don't you?
line	KIWYA!
line	KIWYAAA!
line	Kneel!
line	Knew you didn't have the stomach for this.
line	Know your place!
line	Kurai has a level of sophistication about her criminality that I admire.
line	Kurai knows the weight of responsibility. So many moving parts... So many deadlines... Such a ruckus...
line	Last thing you'll ever see!
line	Leave, then. You'll learn the hard way, as I did.
line	Let fear be your gospel!
line	Let fury take you!
line	Let his power be known!
line	Let me at 'em!
line	Let me guess - House Azadi sent you to finish what they couldn't?
line	Let the ruckus begin!
line	Let's do that again!
line	Let's get back out there.
line	Let's keep this civil, shall we?
line	Let's make a mess!
line	Let's not drag this out.
line	Lining up the shot.
line	Locked in.
line	Losing I can handle. Losing that is... unfortunate.
line	Make do without me.
line	Make up your mind.
line	Marked for death!
line	Marked!
line	Mbyah beh beh!
line	Meelo makala!
line	Mercy's for fools. But I'll take it all the same.
line	Might makes right!
line	Might of his hand!
line	Mind the mess. My work is... ongoing.
line	More gems for me, then!
line	Move it along.
line	My body fails me - for now.
line	My flame is rekindled.
line	My gems and I'll make short work of you!
line	My loss was Innocence's will. I accept.
line	Naturally. I'd expect nothing less.
line	Need something?
line	Need to catch my breath!
line	Need to sit this out!
line	Nenet is brutal. Real. She walks a truer path than most here.
line	Never been one to disregard the Code. Take it.
line	Never could stay away from the Death Trades for long.
line	Ni nah guak! Guoah eyai?
line	No accounting for taste.
line	No glory. Just death.
line	No matter. I have other engagements.
line	No matter. My craft awaits.
line	No sense struggling against the tide.
line	No surprises there.
line	No way! Ugh... Just take it.
line	No witnesses.
line	Nobody walks away... from me.
line	Not easy to part with that, but I'm a man of my word.
line	Not ideal.
line	Not just here to stare, I hope.
line	Not the first to run. Won't be the last.
line	Not to worry - you'll serve me now.
line	Not worth dying for...
line	Not worth dying over. Take it.
line	Not your finest hour.
line	Nothing personal.
line	Now let's have a look at those virtue gems...
line	Now, now - remain calm.
line	Now, really, what did you expect?
line	Now, where were we?
line	Obey me!
line	Off I go.
line	Oh hohoho!
line	Oh! Elegantly done.
line	Oh! Handle this yourself for the moment!
line	Oh! Rip.
line	Oh! Well, I never...
line	Oh, alright then.
line	Oh, come now, don't be uncouth.
line	Oh, come on!
line	Oh, for crying out loud!
line	Oh, hmph.
line	Oh, how perfectly fitting.
line	Oh, I do so love a good murder. Care to oblige me?
line	Oh, interesting.
line	Oh, mmph.
line	Oh, my wounds ail me. I must away!
line	Oh, my wounds require mending!
line	Oh, my wounds! They require mending!
line	Oh, perfect!
line	Oh, spiffing!
line	Oh, such glorious ruin!
line	Oh, that'll do!
line	Oh, the things I could do with you...
line	Oh, this is bliss!
line	Oh, very well. Any Azadi worth their salt knows how to disappear.
line	Oh, very well. What was mine is now yours.
line	Oh, well done, capital effort!
line	Oh, you died. Just deal with it.
line	Oh, you stupid gnat.
line	Oh. Exquisite.
line	Oh. Not your finest hour.
line	Oh... heh!
line	Oh... hohohohohoho!
line	Oh... now the fun begins.
line	Ohhh...
line	Oi - Exile! Over here. Let's have a word, eh?
line	On guard!
line	On your head be it.
line	Once is never enough.
line	One mistake. That's all it takes.
line	One shot. One kill.
line	One shot. That's all I need.
line	Only one thing Keitan's respect: strength. You've earned it.
line	Ono ono TANA!
line	Ono tana!
line	Oo oooh?
line	Ooaaah!
line	Ooh! "Tactical retreat", is it?
line	Ooh, spiffing!
line	Ooh, that was fun!
line	Ooo! Ugh... hmph.
line	Oooh! Kin dan bi bi bah beh.
line	Oooh, rah!
line	Ooohhh...
line	Ooooh!
line	Ooooof!
line	Oyewah yah!
line	Pain fades. Purpose remains.
line	Pain is a test - and I am failing!
line	Pain is purpose!
line	Pain's a Cyaxan specialty!
line	Pathetic!
line	Perfect!
line	Perhaps I can raise you.
line	Pity. You had potential.
line	Pity... but whatever.
line	Power divine!
line	Predictable. Heretic.
line	Prefer to be alone, do ya? Finally something we agree on.
line	Prove your worth!
line	Prove yourself, scum!
line	Pure ecstacy!
line	Ready for action.
line	Ready to die?
line	Ready to whet my blade once more.
line	Really, bruh? Get good.
line	Really? Not that one!
line	Reckoning!
line	Reh gah geb in...
line	Repent!
line	Retreat - the last recourse of the coward.
line	Retreating while I still can.
line	Right between the eyes!
line	Right in the guts!
line	Rip.
line	Rot consume you!
line	Ruckus!
line	Run, if you must! It won't save you in the end.
line	See you when I see you.
line	Self-preservation... or cowardice?
line	Shall we continue?
line	Shattered bones!
line	Should be less lonely, if nothing else.
line	Should do the trick.
line	Should've walked away when you had the chance.
line	Should've walked away.
line	Shoulda kept your head down.
line	Show no weakness!
line	Silence, at last.
line	Simple.
line	Sink like a stone!
line	So be it!
line	So be it. I knelt for God once. Now I kneel for you.
line	So be it. I shall leave you be.
line	So be it. Keita taught me how to walk alone.
line	So be it. There's death to be dealt elsewhere.
line	So be it. You walk your path, I'll walk mine.
line	So full of people. Let's not linger long.
line	So it goes.
line	So it's death you want?
line	So now I get to join you. Wonderful.
line	So the collar's on me now. Ha! Let's see how it fits.
line	So uncivilised.
line	So you have chosen death.
line	So, what'll it be?
line	Solitude suits me.
line	Some would call you a 'coward'.
line	Sorted.
line	Spiffing!
line	Spineless and indecisive? Splendid.
line	Spineless creature.
line	Stand and fight!
line	Standing by.
line	Standing down.
line	Start runnin'!
line	Stay down!
line	Stay, go - I don't care. Just be quick about it.
line	Still breathing. Good enough.
line	Still here.
line	Still here. Still looking to make some coin.
line	Strength fails us all in time.
line	Stronger than you look. Very well, it's yours.
line	Such glorious ruin!
line	Such supple flesh...
line	Such sweet suffering!
line	Such was his will.
line	Suit yourself. I'm better on me own anyhow.
line	Suits me.
line	Summon me if you need.
line	Surprised to see a Trarthan in Wraeclast? It's simple, really. Due to... political reasons... work's dried up. So, here we are.
line	Surprised to see a Trarthan in Wraeclast? It's simple. Once the Bardiyans formed their so-called Merchant Council, Trarthus got... boring. Rules. Laws. Bloody taxes, if you can believe it. Folk like me didn't fit their new vision. Some of us got exiled. Some left before the noose tightened. Now we're here, plying our trade in a place that still respects strength.
line	Take if you must. Just make it quick.
line	Take it, then. I have no need of it.
line	Take it, then. Makes no difference to me.
line	Take your prize. Just don't rub it in.
line	Take your trinket, then. My freedom's worth more.
line	Target down.
line	Target in sight!
line	Tch. Another Wraeclast runt.
line	Tch. Try not to embarrass yourself with it.
line	Tell me you've thought this through.
line	Thankfully, there's not too many people here.
line	That one is wasted on you. But... the Code is the Code.
line	That should do the trick.
line	That Tibbs... would make a rather nice piece.
line	That was fun!
line	That'll do.
line	That's all it took? Pathetic!
line	That's how it's done. It's yours now.
line	That's precious to me... Or rather, it was.
line	That's smart - I can feel a divine's about to drop.
line	That's... just stupid. But fine.
line	The call of the sea!
line	The Code is clear. It is forfeit.
line	The flesh holds. For now.
line	The moment demands action.
line	The path calls me onwards.
line	The righteous are never idle.
line	The things I could do with you...
line	The tide turns once more.
line	Then go. The world won't mourn another coward.
line	Then this is where I leave ya. Try not to get emotional.
line	There are worse fates than death.
line	Think your god's watching? Then you're a greater fool than even I was.
line	This better not be for long...
line	This Gianna... She's more formidable than she first appears.
line	This has lacked the proper decorum.
line	This is bliss!
line	This is how it's done!
line	This is not a challenge, but I welcome it nonetheless.
line	This is the last you'll see of me, so take a good look!
line	This is where I leave ya. Try not to get emotional.
line	This is why I take my pay upfront.
line	This is why I work alone.
line	This lot needs a good cleansing. I shall do my best to spread the word.
line	This meant something to me. Now it's yours.
line	This vessel needs mending.
line	This was his will - not yours.
line	This Whakano seems a man of honour. I must speak with him to hear his stories.
line	This will be easier if you hold still.
line	This will hurt.
line	This won't take long.
line	Thought that would never end.
line	Time to bag me a kill!
line	Tira Biya!
line	Tira tira BABA!
line	Tira tira BIRA!
line	To be honest, I couldn't care less about that.
line	To the victor go the spoils.
line	Too close for my liking.
line	Too slow!
line	Tran dusan? Ik ti tcha beh.
line	Trarthan Code says I give it up. Doesn't mean I have to like it.
line	Trarthan Code's clear. It's yours.
line	Trarthan Code, innit? Loser pays up.
line	Tried to warn you.
line	Truly, a slight on my honour.
line	Try me, fool!
line	Try not to cock it up!
line	Try not to die now.
line	Try not to scream too much!
line	Tullina... What a marvel. I wish I could move unseen like that.
line	Turn around. I won't ask twice.
line	Ugh - it's yours, then.
line	Ugh gah... heheha!
line	Ugh gah... wabahhh!
line	Ugh! Egh... mekka.
line	Ugh! Take the damn thing and get out of my sight.
line	Ugh! Take your trophy. I am done.
line	Ugh! The strong take what they want - so go ahead.
line	Ugh! You win. Now take it before I change my mind.
line	Ugh, idiot! Don't know who you're turning down.
line	Ugh, idiot! You don't know who you're turning down.
line	Ugh, if it pleases you.
line	Ugh, if you must.
line	Ugh, pulling back.
line	Ugh, rugh, yololo lo yah!
line	Ugh, that's fine. I got loads to do.
line	Ugh, wabaaah!
line	Ugh. Bor-ing!
line	Ugh. Can only rely on myself.
line	Ugh. Good help is so hard to find.
line	Ugh. I'm not hauling you back to town.
line	Ugh. It's usually us Bardiyans doing the robbing.
line	Ugh. It's your call.
line	Ugh. That's what I get for losing. It's yours.
line	Ugh. They never listen...
line	Ugh. Trarthan Code. You beat me, you claim it.
line	Ugh. You again.
line	Ugh.. hehehehehe...
line	Ugh... Ashala...
line	Ugh... bekala mongyegeni!
line	Ugh... bekalamanafanga!
line	Ugh... Boro boro bashala...
line	Ugh... Figures.
line	Ugh... fine. Happy now?
line	Ugh... heh... yah...
line	Ugh... heheh... hahahaha!
line	Ugh... hehehaha!
line	Ugh... hehehehehehehaha!
line	Ugh... Hreeeh!
line	Ugh... Should've stayed in Trarthus.
line	Ugh... Tch.
line	Ugh... uh oh.
line	Ugh... undegum.
line	Ugh... Wolo wolo...
line	Ugh... yah.
line	Ughh...
line	Ughhh... hahahahaha!
line	Uh oh.
line	Uh... sure.
line	Unbound potential... and no oversight. A perfect place to do business.
line	Underbelly street rats! Just like home!
line	Understood.
line	Unravel!
line	Unremarkable.
line	Unthinkable... and yet, here we are.
line	Very well - you win. I'll do as you ask.
line	Very well, I'll march with you. But I serve only him.
line	Very well. Any Azadi worth their salt knows how to disappear.
line	Very well. The righteous path winds elsewhere.
line	Waaabah!
line	Waaah!
line	Wah get beh?
line	Walking away is probably the best decision you'll make all day.
line	Want me to piss off? Go on, then. Make me.
line	Want me to work for you, first you've gotta prove yourself.
line	Waow!
line	Watch and learn!
line	Watch your back.
line	We bi ya bibi yah!
line	We carry his sentence.
line	We live in his light.
line	We're both beyond salvation, Exile!
line	We're partners, then. But let's not pretend we're equals.
line	We've added a flag to ya - 'Garbage'.
line	We've unfinished business, you and I.
line	Weakling!
line	Weapons at the ready!
line	Weey?
line	Well then. That's that.
line	Well, don't just stand there!
line	Well, I never...
line	Well, that was fun!
line	Well, well. Looks like you get to tell me where to shoot.
line	Well, well... what have we got here?
line	Well, well... you win. It's yours to ruin.
line	Well, you're the boss... for now.
line	Well. Better you than me.
line	Well... shite!
line	Well... this place actually seems rather comfortable.
line	Well? Do get on with it!
line	Well? Let's have it, then.
line	Well? What will it be, then?
line	Well? What?
line	Were we back in Trarthus, you'd already be dead!
line	Were we back in Trarthus, you'd already be dead! Ha!
line	Were we back in Trarthus, you'd already be dead! Haha!
line	Whaddaya reckon?
line	What a cold place. I shall fit right in.
line	What are you doing here?
line	What are you waiting for? Take your trophy and go.
line	What did you expect?
line	What do you need?
line	What is it?
line	What is this? A sewer full of rats? Not a backbone between 'em.
line	What now?
line	What say you?
line	What the heck?
line	What you need?
line	What you say goes.
line	What!? You serious?
line	What's our next move?
line	What? No gems?
line	Whatever gets the job done.
line	Whatever shall I do with your body?
line	Whatever you do, don't hurry back.
line	Where do you think you're going?
line	Who's dumb enough to take my spot?
line	Whoa!
line	Whoaaa!
line	Whoo ho hahahaha!
line	Won't argue.
line	Wouldn't have lasted a day in my pits.
line	Wrath! ... And anger.
line	Y-you got the drop on me. Won't happen again.
line	Yagh...
line	Yeah, alright.
line	Yeah, thought so.
line	Yeah?
line	Yep. Dead as.
line	Yer bum's out the window!
line	Yes! Paint the ground with their blood!
line	Yes, yes, I'll follow. Just try not to talk to me.
line	Yes, yes. I'm no stranger to a shakedown.
line	Yes?
line	You are nothing!
line	You are unworthy!
line	You asked for it!
line	You bested me... and so it's yours.
line	You bloody fool!
line	You cannot outrun the judgment of Innocence. Only delay it.
line	You chose this.
line	You did it... Well done.
line	You die here!
line	You do know who I am, right?
line	You don't reject a Keitan twice.
line	You don't stand a chance.
line	You doubt a Cyaxan?
line	You fall short of his mercy!
line	You fight better than you choose your allies.
line	You fight well!
line	You fight well. Together, we can do extraordinary things.
line	You fought for it. Take it.
line	You got the drop on me. Won't happen again.
line	You have prevailed. So be it.
line	You knew the risks.
line	You know where to find me.
line	You look soft. House Keita would've broken you by now.
line	You lost or something?
line	You lucky bugger!
line	You only get one first impression. Try not to ruin it.
line	You probably won't regret it.
line	You proved your point. Let's move on.
line	You seem to be going the wrong way.
line	You stain the ground with your presence!
line	You strip me of all I have left, but such is your right.
line	You strip me of all I have left... Such is your right.
line	You stupid gnat!
line	You sure you want to do this?
line	You test his patience - and mine. But I won't defy the Code.
line	You walk your path, I'll walk mine.
line	You want it? Then earn it!
line	You want me gone? I'm gone.
line	You want me to leave? Gladly.
line	You want that thing? Alright, then.
line	You waste good stock, Exile!
line	You will fall!
line	You will know true fear!
line	You win, so take your damn trophy.
line	You win. But you'll regret refusing me.
line	You win. I follow. Don't you mistake that for obedience.
line	You win. Let's get to the bloodletting, then.
line	You win. Where you lead, I will follow... for now.
line	You win... but you've no idea what that's worth.
line	You won't find better - certainly not from other houses.
line	You'll find no faith here. Keita made sure of that.
line	You'll make my finest piece yet!
line	You'll miss me. They always do.
line	You'll see. I am not to be trifled with.
line	You're a silly goose, aren't ya?
line	You're either a client or a target. I'll soon know which.
line	You're either brave or foolish. Not many refuse House Bardiya.
line	You're finished!
line	You're lucky I was going easy. But fine - take it.
line	You're not Cyaxan, are you? I'd hate to have to be nice.
line	You're on your own now.
line	You're stronger than you look. Very well, it's yours.
line	You're stupid to spare me. Not that I'm complaining.
line	You're the boss.
line	You're the boss... for now.
line	You've bested me. Perhaps there's hope for you yet.
line	You've earned it. That much, I'll admit.
line	You've earnt my blade. Try not to tarnish it.
line	You've made your choice. I won't argue it.
line	Your body is the canvas. My blade, the brush.
line	Your call.
line	Your end comes!
line	Your flesh begs to be studied.
line	Your god has abandoned you, as mine did me.
line	Your loss.
line	Your reckoning is at hand!
line	Your skin... I shall wear it.
line	Your spirit is brittle. So is your body.
line	Your valour is his to measure!
